tool_name,decision,calls_30d,calls_90d,test_refs,agent_refs,specialist_refs,kbot_local,mcp_hard,protected,reason
a2a_card,CUT-NOW,0,0,0,0,0,0,0,0,zero-everything
a2a_discover,CUT-NOW,0,0,0,0,0,0,0,0,zero-everything
a2a_list,CUT-NOW,0,0,0,0,0,0,0,0,zero-everything
a2a_remove,CUT-NOW,0,0,0,0,0,0,0,0,zero-everything
a2a_send,CUT-NOW,0,0,0,0,0,0,0,0,zero-everything
a2a_status,CUT-NOW,0,0,0,0,0,0,0,0,zero-everything
ableton_audio_analysis,KEEP,0,0,0,0,0,0,0,1,protected-prefix
ableton_browse,KEEP,13,13,0,0,0,0,0,1,protected-prefix
ableton_build_drum_rack,KEEP,1,1,0,0,0,0,0,1,protected-prefix
ableton_clip,KEEP,143,143,0,0,0,0,0,1,protected-prefix
ableton_create_progression,KEEP,0,0,0,0,0,0,0,1,protected-prefix
ableton_create_track,KEEP,36,36,0,0,0,0,0,1,protected-prefix
ableton_device,KEEP,407,407,0,0,0,0,0,1,protected-prefix
ableton_effect_chain,KEEP,3,3,0,0,0,0,0,1,protected-prefix
ableton_knowledge,KEEP,4,4,0,0,0,0,0,1,protected-prefix
ableton_listen,KEEP,0,0,0,0,0,0,0,1,protected-prefix
ableton_load_effect,KEEP,4,4,0,0,0,0,0,1,protected-prefix
ableton_load_plugin,KEEP,4,4,0,0,0,0,0,1,protected-prefix
ableton_load_preset,KEEP,0,0,0,0,0,0,0,1,protected-prefix
ableton_load_sample,KEEP,0,0,0,0,0,0,0,1,protected-prefix
ableton_midi,KEEP,99,99,0,0,0,0,0,1,protected-prefix
ableton_mixer,KEEP,0,0,0,0,0,0,0,1,protected-prefix
ableton_scene,KEEP,0,0,0,0,0,0,0,1,protected-prefix
ableton_session_info,KEEP,42,42,0,0,0,0,0,1,protected-prefix
ableton_song,KEEP,0,0,0,0,0,0,0,1,protected-prefix
ableton_track,KEEP,158,158,0,0,0,0,0,1,protected-prefix
ableton_transport,KEEP,46,46,0,0,0,0,0,1,protected-prefix
ableton_view,KEEP,0,0,0,0,0,0,0,1,protected-prefix
adjust_behaviour,CUT-NOW,0,0,0,0,0,0,0,0,zero-everything
admin_billing,CUT-NOW,0,0,0,0,0,0,0,0,zero-everything
admin_moderate,CUT-NOW,0,0,0,0,0,0,0,0,zero-everything
admin_scores,CUT-NOW,0,0,0,0,0,0,0,0,zero-everything
admin_stats,CUT-NOW,0,0,0,0,0,0,0,0,zero-everything
admin_user_detail,CUT-NOW,0,0,0,0,0,0,0,0,zero-everything
admin_users,CUT-NOW,0,0,0,0,0,0,0,0,zero-everything
agent_discovery,CUT-NOW,0,0,0,0,0,0,0,0,zero-everything
agent_feedback,CUT-NOW,0,0,0,0,0,0,0,0,zero-everything
agent_handoff,DEPRECATE,0,0,1,0,0,0,0,0,test-refs=1
agent_list,CUT-NOW,0,0,0,0,0,0,0,0,zero-everything
agent_propose,DEPRECATE,0,0,1,0,0,0,0,0,test-refs=1
agent_result,CUT-NOW,0,0,0,0,0,0,0,0,zero-everything
agent_trust,DEPRECATE,0,0,1,0,0,0,0,0,test-refs=1
air_quality,CUT-NOW,0,0,0,0,0,0,0,0,zero-everything
analytics_github,CUT-NOW,0,0,0,0,0,0,0,0,zero-everything
analytics_npm,KEEP,1,1,0,0,0,0,0,0,telemetry-active
analytics_overview,CUT-NOW,0,0,0,0,0,0,0,0,zero-everything
analytics_revenue,CUT-NOW,0,0,0,0,0,0,0,0,zero-everything
analytics_users,CUT-NOW,0,0,0,0,0,0,0,0,zero-everything
anomaly_detect,CUT-NOW,0,0,0,0,0,0,0,0,zero-everything
anova_test,CUT-NOW,0,0,0,0,0,0,0,0,zero-everything
anticipate,CUT-NOW,0,0,0,0,0,0,0,0,zero-everything
api_test,CUT-NOW,0,0,0,0,0,0,0,0,zero-everything
app_approve,DEPRECATE,0,0,1,0,0,0,0,0,test-refs=1
app_launch,CUT-NOW,0,0,0,0,0,0,0,0,zero-everything
app_list_approved,CUT-NOW,0,0,0,0,0,0,0,0,zero-everything
archival_search,CUT-NOW,0,0,0,0,0,0,0,0,zero-everything
argument_map,CUT-NOW,0,0,0,0,0,0,0,0,zero-everything
arrange_song,CUT-NOW,0,0,0,0,0,0,0,0,zero-everything
arxiv_search,CUT-NOW,0,0,0,0,0,0,0,0,zero-everything
astronomy_investigation,CUT-NOW,0,0,0,0,0,0,0,0,zero-everything
astronomy_query,CUT-NOW,0,0,0,0,0,0,0,0,zero-everything
attack_lookup,DEPRECATE,0,0,0,0,1,0,0,0,specialist-allowed=1
attack_surface,CUT-NOW,0,0,0,0,0,0,0,0,zero-everything
attack_surface_scan,CUT-NOW,0,0,0,0,0,0,0,0,zero-everything
audio_mood,KEEP,0,0,0,0,0,0,0,1,protected-prefix
audio_pcm_status,KEEP,0,0,0,0,0,0,0,1,protected-prefix
audio_status,KEEP,0,0,0,0,0,0,0,1,protected-prefix
audio_visualize,KEEP,0,0,0,0,0,0,0,1,protected-prefix
background_check,CUT-NOW,0,0,0,0,0,0,0,0,zero-everything
background_list,CUT-NOW,0,0,0,0,0,0,0,0,zero-everything
background_run,KEEP,0,0,0,0,0,0,0,0,in-keep-52
background_stop,CUT-NOW,0,0,0,0,0,0,0,0,zero-everything
backtest_strategy,CUT-NOW,0,0,0,0,0,0,0,0,zero-everything
bash,KEEP,7,20,4,0,0,0,1,0,in-keep-52|mcp-hard-contract
bayesian_inference,CUT-NOW,0,0,0,0,0,0,0,0,zero-everything
bayesian_update,CUT-NOW,0,0,0,0,0,0,0,0,zero-everything
beam_analysis,CUT-NOW,0,0,0,0,0,0,0,0,zero-everything
behavior_snapshot,CUT-NOW,0,0,0,0,0,0,0,0,zero-everything
behavior_summary,CUT-NOW,0,0,0,0,0,0,0,0,zero-everything
bias_check,CUT-NOW,0,0,0,0,0,0,0,0,zero-everything
biodiversity_index,CUT-NOW,0,0,0,0,0,0,0,0,zero-everything
blackboard_read,DEPRECATE,0,0,1,0,0,0,0,0,test-refs=1
blackboard_write,DEPRECATE,0,0,1,0,0,0,0,0,test-refs=1
blast_search,CUT-NOW,0,0,0,0,0,0,0,0,zero-everything
blender_run,CUT-NOW,0,0,0,0,0,0,0,0,zero-everything
blueteam_checklist,DEPRECATE,0,0,0,0,1,0,0,0,specialist-allowed=1
blueteam_harden,DEPRECATE,0,0,0,0,1,0,0,0,specialist-allowed=1
bootstrap_analyze,CUT-NOW,0,0,0,0,0,0,0,0,zero-everything
bootstrap_repo,CUT-NOW,0,0,0,0,0,0,0,0,zero-everything
brain_atlas,CUT-NOW,0,0,0,0,0,0,0,0,zero-everything
brain_predict,CUT-NOW,0,0,0,0,0,0,0,0,zero-everything
browser_agent,KEEP,1,1,0,0,0,0,0,0,telemetry-active
browser_click,CUT-NOW,0,0,0,0,0,0,0,0,zero-everything
browser_close,CUT-NOW,0,0,0,0,0,0,0,0,zero-everything
browser_navigate,KEEP,2,2,0,2,0,0,0,0,telemetry-active
browser_screenshot,CUT-NOW,0,0,0,0,0,0,0,0,zero-everything
browser_snapshot,DEPRECATE,0,0,0,2,0,0,0,0,agent-md-refs=2
browser_type,CUT-NOW,0,0,0,0,0,0,0,0,zero-everything
buddy_achievements,CUT-NOW,0,0,0,0,0,0,0,0,zero-everything
buddy_card,CUT-NOW,0,0,0,0,0,0,0,0,zero-everything
buddy_leaderboard,CUT-NOW,0,0,0,0,0,0,0,0,zero-everything
buddy_personality,CUT-NOW,0,0,0,0,0,0,0,0,zero-everything
buddy_rename,CUT-NOW,0,0,0,0,0,0,0,0,zero-everything
buddy_share,CUT-NOW,0,0,0,0,0,0,0,0,zero-everything
buddy_status,CUT-NOW,0,0,0,0,0,0,0,0,zero-everything
build_check,CUT-NOW,0,0,0,0,0,0,0,0,zero-everything
build_detect,CUT-NOW,0,0,0,0,0,0,0,0,zero-everything
build_init,CUT-NOW,0,0,0,0,0,0,0,0,zero-everything
build_matrix,CUT-NOW,0,0,0,0,0,0,0,0,zero-everything
build_package,CUT-NOW,0,0,0,0,0,0,0,0,zero-everything
build_run,CUT-NOW,0,0,0,0,0,0,0,0,zero-everything
build_targets,CUT-NOW,0,0,0,0,0,0,0,0,zero-everything
build_test,CUT-NOW,0,0,0,0,0,0,0,0,zero-everything
cargo_search,CUT-NOW,0,0,0,0,0,0,0,0,zero-everything
causal_inference,CUT-NOW,0,0,0,0,0,0,0,0,zero-everything
channel_send,CUT-NOW,0,0,0,0,0,0,0,0,zero-everything
chat_ai_memory,CUT-NOW,0,0,0,0,0,0,0,0,zero-everything
chat_ai_mode,CUT-NOW,0,0,0,0,0,0,0,0,zero-everything
chat_ai_status,CUT-NOW,0,0,0,0,0,0,0,0,zero-everything
checkpoint_create,CUT-NOW,0,0,0,0,0,0,0,0,zero-everything
checkpoint_revert,CUT-NOW,0,0,0,0,0,0,0,0,zero-everything
checksum_verify,CUT-NOW,0,0,0,0,0,0,0,0,zero-everything
chemical_safety,CUT-NOW,0,0,0,0,0,0,0,0,zero-everything
circuit_analyze,CUT-NOW,0,0,0,0,0,0,0,0,zero-everything
citation_graph,CUT-NOW,0,0,0,0,0,0,0,0,zero-everything
climate_data,CUT-NOW,0,0,0,0,0,0,0,0,zero-everything
clinical_trials,CUT-NOW,0,0,0,0,0,0,0,0,zero-everything
cognitive_model,CUT-NOW,0,0,0,0,0,0,0,0,zero-everything
cognitive_task_design,CUT-NOW,0,0,0,0,0,0,0,0,zero-everything
collective_dream_optin,CUT-NOW,0,0,0,0,0,0,0,0,zero-everything
collective_dream_status,CUT-NOW,0,0,0,0,0,0,0,0,zero-everything
color_palette,CUT-NOW,0,0,0,0,0,0,0,0,zero-everything
combinatorics,CUT-NOW,0,0,0,0,0,0,0,0,zero-everything
comfyui_generate,CUT-NOW,0,0,0,0,0,0,0,0,zero-everything
comfyui_img2img,CUT-NOW,0,0,0,0,0,0,0,0,zero-everything
comfyui_list_models,CUT-NOW,0,0,0,0,0,0,0,0,zero-everything
comfyui_queue,CUT-NOW,0,0,0,0,0,0,0,0,zero-everything
comfyui_status,CUT-NOW,0,0,0,0,0,0,0,0,zero-everything
commands_inventory,CUT-NOW,0,0,0,0,0,0,0,0,zero-everything
commands_leaderboard,CUT-NOW,0,0,0,0,0,0,0,0,zero-everything
commands_list,CUT-NOW,0,0,0,0,0,0,0,0,zero-everything
commands_stats,CUT-NOW,0,0,0,0,0,0,0,0,zero-everything
composio_connect,CUT-NOW,0,0,0,0,0,0,0,0,zero-everything
composio_execute,CUT-NOW,0,0,0,0,0,0,0,0,zero-everything
composio_list_apps,CUT-NOW,0,0,0,0,0,0,0,0,zero-everything
composio_search,CUT-NOW,0,0,0,0,0,0,0,0,zero-everything
compound_properties,CUT-NOW,0,0,0,0,0,0,0,0,zero-everything
compound_search,CUT-NOW,0,0,0,0,0,0,0,0,zero-everything
computer_check,DEPRECATE,0,0,1,0,0,0,0,0,test-refs=1
computer_release,DEPRECATE,0,0,1,0,0,0,0,0,test-refs=1
confidence_check,CUT-NOW,0,0,0,0,0,0,0,0,zero-everything
connect_minds,CUT-NOW,0,0,0,0,0,0,0,0,zero-everything
connectome_query,CUT-NOW,0,0,0,0,0,0,0,0,zero-everything
consolidate,CUT-NOW,0,0,0,0,0,0,0,0,zero-everything
content_calendar,CUT-NOW,0,0,0,0,0,0,0,0,zero-everything
content_create,CUT-NOW,0,0,0,0,0,0,0,0,zero-everything
content_publish,CUT-NOW,0,0,0,0,0,0,0,0,zero-everything
coordination_queue,CUT-NOW,0,0,0,0,0,0,0,0,zero-everything
coordination_status,CUT-NOW,0,0,0,0,0,0,0,0,zero-everything
coordinator_consolidate,CUT-NOW,0,0,0,0,0,0,0,0,zero-everything
coordinator_health,CUT-NOW,0,0,0,0,0,0,0,0,zero-everything
coordinator_orchestrate,CUT-NOW,0,0,0,0,0,0,0,0,zero-everything
coordinator_status,CUT-NOW,0,0,0,0,0,0,0,0,zero-everything
corpus_analyze,CUT-NOW,0,0,0,0,0,0,0,0,zero-everything
correlation_matrix,CUT-NOW,0,0,0,0,0,0,0,0,zero-everything
cors_check,DEPRECATE,0,0,0,0,1,0,0,0,specialist-allowed=1
counterfactual,CUT-NOW,0,0,0,0,0,0,0,0,zero-everything
cran_search,CUT-NOW,0,0,0,0,0,0,0,0,zero-everything
create_agent,KEEP,0,0,0,0,0,0,0,0,in-keep-52
crop_model,CUT-NOW,0,0,0,0,0,0,0,0,zero-everything
cross_domain_search,CUT-NOW,0,0,0,0,0,0,0,0,zero-everything
crypto_news,CUT-NOW,0,0,0,0,0,0,0,0,zero-everything
crypto_tool,CUT-NOW,0,0,0,0,0,0,0,0,zero-everything
crystal_structure,CUT-NOW,0,0,0,0,0,0,0,0,zero-everything
csv_query,CUT-NOW,0,0,0,0,0,0,0,0,zero-everything
csv_read,CUT-NOW,0,0,0,0,0,0,0,0,zero-everything
csv_write,CUT-NOW,0,0,0,0,0,0,0,0,zero-everything
ctf_hint,CUT-NOW,0,0,0,0,0,0,0,0,zero-everything
ctf_list,CUT-NOW,0,0,0,0,0,0,0,0,zero-everything
ctf_score,CUT-NOW,0,0,0,0,0,0,0,0,zero-everything
ctf_start,CUT-NOW,0,0,0,0,0,0,0,0,zero-everything
ctf_submit,CUT-NOW,0,0,0,0,0,0,0,0,zero-everything
cve_lookup,DEPRECATE,0,0,1,0,1,0,0,0,specialist-allowed=1
data_query,CUT-NOW,0,0,0,0,0,0,0,0,zero-everything
data_transform,CUT-NOW,0,0,0,0,0,0,0,0,zero-everything
db_backup,CUT-NOW,0,0,0,0,0,0,0,0,zero-everything
db_diagram,CUT-NOW,0,0,0,0,0,0,0,0,zero-everything
db_health,CUT-NOW,0,0,0,0,0,0,0,0,zero-everything
db_inspect,CUT-NOW,0,0,0,0,0,0,0,0,zero-everything
db_migrate,CUT-NOW,0,0,0,0,0,0,0,0,zero-everything
db_migrations,CUT-NOW,0,0,0,0,0,0,0,0,zero-everything
db_query,KEEP,2,2,0,0,0,0,0,0,telemetry-active
db_schema,CUT-NOW,0,0,0,0,0,0,0,0,zero-everything
db_seed,CUT-NOW,0,0,0,0,0,0,0,0,zero-everything
db_sql,CUT-NOW,0,0,0,0,0,0,0,0,zero-everything
db_tables,CUT-NOW,0,0,0,0,0,0,0,0,zero-everything
defi_yields,CUT-NOW,0,0,0,0,0,0,0,0,zero-everything
demographic_model,CUT-NOW,0,0,0,0,0,0,0,0,zero-everything
dep_audit,DEPRECATE,0,0,1,0,1,0,0,0,specialist-allowed=1
dep_graph,CUT-NOW,0,0,0,0,0,0,0,0,zero-everything
deploy,DEPRECATE,0,0,1,1,0,0,0,0,agent-md-refs=1
deploy_all,CUT-NOW,0,0,0,0,0,0,0,0,zero-everything
deploy_env,CUT-NOW,0,0,0,0,0,0,0,0,zero-everything
deploy_functions,CUT-NOW,0,0,0,0,0,0,0,0,zero-everything
deploy_logs,CUT-NOW,0,0,0,0,0,0,0,0,zero-everything
deploy_npm,CUT-NOW,0,0,0,0,0,0,0,0,zero-everything
deploy_release,CUT-NOW,0,0,0,0,0,0,0,0,zero-everything
deploy_rollback,CUT-NOW,0,0,0,0,0,0,0,0,zero-everything
deploy_status,CUT-NOW,0,0,0,0,0,0,0,0,zero-everything
deploy_web,CUT-NOW,0,0,0,0,0,0,0,0,zero-everything
deps_audit,DEPRECATE,0,0,0,0,1,0,0,0,specialist-allowed=1
design_sound,KEEP,2,2,0,0,0,0,0,0,telemetry-active
differential_eq,CUT-NOW,0,0,0,0,0,0,0,0,zero-everything
dimensionality_reduce,CUT-NOW,0,0,0,0,0,0,0,0,zero-everything
discourse_analyze,CUT-NOW,0,0,0,0,0,0,0,0,zero-everything
disease_info,CUT-NOW,0,0,0,0,0,0,0,0,zero-everything
disease_surveillance,CUT-NOW,0,0,0,0,0,0,0,0,zero-everything
disk_health,CUT-NOW,0,0,0,0,0,0,0,0,zero-everything
distribution_fit,CUT-NOW,0,0,0,0,0,0,0,0,zero-everything
dj_set_build,KEEP,0,0,0,0,0,0,0,1,protected-prefix
dj_set_info,KEEP,0,0,0,0,0,0,0,1,protected-prefix
dns_enum,CUT-NOW,0,0,0,0,0,0,0,0,zero-everything
docker_build,CUT-NOW,0,0,0,0,0,0,0,0,zero-everything
docker_compose_down,CUT-NOW,0,0,0,0,0,0,0,0,zero-everything
docker_compose_up,CUT-NOW,0,0,0,0,0,0,0,0,zero-everything
docker_images,CUT-NOW,0,0,0,0,0,0,0,0,zero-everything
docker_logs,CUT-NOW,0,0,0,0,0,0,0,0,zero-everything
docker_ps,CUT-NOW,0,0,0,0,0,0,0,0,zero-everything
docker_run,CUT-NOW,0,0,0,0,0,0,0,0,zero-everything
docker_stop,CUT-NOW,0,0,0,0,0,0,0,0,zero-everything
doi_lookup,CUT-NOW,0,0,0,0,0,0,0,0,zero-everything
dream,CUT-NOW,0,0,0,0,0,0,0,0,zero-everything
dream_journal,KEEP,0,0,0,0,0,0,0,1,protected-prefix
dream_now,KEEP,0,0,0,0,0,0,0,1,protected-prefix
dream_reinforce,KEEP,0,0,0,0,0,0,0,1,protected-prefix
dream_search,KEEP,0,0,0,0,0,0,0,1,protected-prefix
dream_status,KEEP,0,0,0,0,0,0,0,1,protected-prefix
drives,KEEP,0,3,0,0,0,0,0,0,telemetry-active
drug_discovery_pipeline,CUT-NOW,0,0,0,0,0,0,0,0,zero-everything
drug_lookup,CUT-NOW,0,0,0,0,0,0,0,0,zero-everything
e2b_close,CUT-NOW,0,0,0,0,0,0,0,0,zero-everything
e2b_create,CUT-NOW,0,0,0,0,0,0,0,0,zero-everything
e2b_download,CUT-NOW,0,0,0,0,0,0,0,0,zero-everything
e2b_execute,CUT-NOW,0,0,0,0,0,0,0,0,zero-everything
e2b_upload,CUT-NOW,0,0,0,0,0,0,0,0,zero-everything
earthquake_query,CUT-NOW,0,0,0,0,0,0,0,0,zero-everything
ecology_data,CUT-NOW,0,0,0,0,0,0,0,0,zero-everything
econometrics_regression,CUT-NOW,0,0,0,0,0,0,0,0,zero-everything
ecs_generate,DEPRECATE,0,0,1,0,0,0,0,0,test-refs=1
edit_file,KEEP,0,0,1,0,0,0,1,0,in-keep-52|mcp-hard-contract
eeg_analyze,CUT-NOW,0,0,0,0,0,0,0,0,zero-everything
effect_size_calc,CUT-NOW,0,0,0,0,0,0,0,0,zero-everything
effort_estimate,CUT-NOW,0,0,0,0,0,0,0,0,zero-everything
electromagnetic_calc,CUT-NOW,0,0,0,0,0,0,0,0,zero-everything
element_info,CUT-NOW,0,0,0,0,0,0,0,0,zero-everything
email_announce,CUT-NOW,0,0,0,0,0,0,0,0,zero-everything
email_digest,CUT-NOW,0,0,0,0,0,0,0,0,zero-everything
email_distribute,CUT-NOW,0,0,0,0,0,0,0,0,zero-everything
email_security_alert,CUT-NOW,0,0,0,0,0,0,0,0,zero-everything
email_send,KEEP,1,1,0,0,0,0,0,0,telemetry-active
emerge,CUT-NOW,0,0,0,0,0,0,0,0,zero-everything
encode_decode,CUT-NOW,0,0,0,0,0,0,0,0,zero-everything
env_check,CUT-NOW,0,0,0,0,0,0,0,0,zero-everything
env_list,CUT-NOW,0,0,0,0,0,0,0,0,zero-everything
env_rotate,CUT-NOW,0,0,0,0,0,0,0,0,zero-everything
env_set,CUT-NOW,0,0,0,0,0,0,0,0,zero-everything
env_sync,CUT-NOW,0,0,0,0,0,0,0,0,zero-everything
environmental_assessment,CUT-NOW,0,0,0,0,0,0,0,0,zero-everything
environmental_health,CUT-NOW,0,0,0,0,0,0,0,0,zero-everything
epidemiology_calc,CUT-NOW,0,0,0,0,0,0,0,0,zero-everything
estimate_task,CUT-NOW,0,0,0,0,0,0,0,0,zero-everything
ethics_framework,CUT-NOW,0,0,0,0,0,0,0,0,zero-everything
evolution_force,CUT-NOW,0,0,0,0,0,0,0,0,zero-everything
evolution_status,CUT-NOW,0,0,0,0,0,0,0,0,zero-everything
evolve_design,DEPRECATE,0,0,1,0,0,0,0,0,test-refs=1
experiment_behavioral,CUT-NOW,0,0,0,0,0,0,0,0,zero-everything
experiment_design,CUT-NOW,0,0,0,0,0,0,0,0,zero-everything
experiment_simulate,CUT-NOW,0,0,0,0,0,0,0,0,zero-everything
exploit_search,DEPRECATE,0,0,0,0,1,0,0,0,specialist-allowed=1
ffmpeg_process,CUT-NOW,0,0,0,0,0,0,0,0,zero-everything
find_issues,CUT-NOW,0,0,0,0,0,0,0,0,zero-everything
find_quick_wins,CUT-NOW,0,0,0,0,0,0,0,0,zero-everything
fluid_dynamics,CUT-NOW,0,0,0,0,0,0,0,0,zero-everything
forensics_analyze,DEPRECATE,0,0,0,0,1,0,0,0,specialist-allowed=1
forge_install,CUT-NOW,0,0,0,0,0,0,0,0,zero-everything
forge_list,CUT-NOW,0,0,0,0,0,0,0,0,zero-everything
forge_publish,CUT-NOW,0,0,0,0,0,0,0,0,zero-everything
forge_search,CUT-NOW,0,0,0,0,0,0,0,0,zero-everything
forge_tool,KEEP,0,0,1,3,0,0,0,1,protected-exact|in-keep-52
formal_logic,CUT-NOW,0,0,0,0,0,0,0,0,zero-everything
format_check,CUT-NOW,0,0,0,0,0,0,0,0,zero-everything
formula_solve,CUT-NOW,0,0,0,0,0,0,0,0,zero-everything
fourier_analysis,CUT-NOW,0,0,0,0,0,0,0,0,zero-everything
frontier_news,CUT-NOW,0,0,0,0,0,0,0,0,zero-everything
game_audio,DEPRECATE,0,0,1,0,0,0,0,0,test-refs=1
game_build,DEPRECATE,0,0,1,0,0,0,0,0,test-refs=1
game_config,DEPRECATE,0,0,1,0,0,0,0,0,test-refs=1
game_test,DEPRECATE,0,0,1,0,0,0,0,0,test-refs=1
game_theory_solve,CUT-NOW,0,0,0,0,0,0,0,0,zero-everything
gene_lookup,CUT-NOW,0,0,0,0,0,0,0,0,zero-everything
generate_art,DEPRECATE,0,0,1,0,0,0,0,0,test-refs=1
generate_drum_pattern,CUT-NOW,0,0,0,0,0,0,0,0,zero-everything
generate_invoice,CUT-NOW,0,0,0,0,0,0,0,0,zero-everything
generate_lyrics,CUT-NOW,0,0,0,0,0,0,0,0,zero-everything
generate_melody_pattern,CUT-NOW,0,0,0,0,0,0,0,0,zero-everything
generate_music_pattern,DEPRECATE,0,0,1,0,0,0,0,0,test-refs=1
generate_report,CUT-NOW,0,0,0,0,0,0,0,0,zero-everything
generate_shader,DEPRECATE,0,0,1,0,0,0,0,0,test-refs=1
generate_song_structure,CUT-NOW,0,0,0,0,0,0,0,0,zero-everything
generate_svg,DEPRECATE,0,0,1,0,0,0,0,0,test-refs=1
genomic_analysis,CUT-NOW,0,0,0,0,0,0,0,0,zero-everything
geological_query,CUT-NOW,0,0,0,0,0,0,0,0,zero-everything
ghost_avatar,CUT-NOW,0,0,0,0,0,0,0,0,zero-everything
ghost_install,CUT-NOW,0,0,0,0,0,0,0,0,zero-everything
ghost_join,CUT-NOW,0,0,0,0,0,0,0,0,zero-everything
ghost_leave,CUT-NOW,0,0,0,0,0,0,0,0,zero-everything
ghost_skills,CUT-NOW,0,0,0,0,0,0,0,0,zero-everything
ghost_status,CUT-NOW,0,0,0,0,0,0,0,0,zero-everything
ghost_voice,CUT-NOW,0,0,0,0,0,0,0,0,zero-everything
git_branch,KEEP,0,0,1,0,0,0,0,0,in-keep-52
git_commit,KEEP,0,0,1,0,0,0,0,0,in-keep-52
git_diff,KEEP,0,0,1,0,0,0,0,0,in-keep-52
git_log,KEEP,3,3,1,0,0,0,0,0,in-keep-52
git_push,KEEP,0,0,1,0,0,0,0,0,in-keep-52
git_status,KEEP,0,0,1,0,0,0,0,0,in-keep-52
github_activity,CUT-NOW,0,0,0,0,0,0,0,0,zero-everything
github_issues,KEEP,0,0,0,0,0,0,0,0,in-keep-52
github_read_file,KEEP,0,0,0,0,0,0,0,0,in-keep-52
github_repo_info,KEEP,0,0,0,0,0,0,0,0,in-keep-52
github_search,KEEP,0,0,0,0,0,0,1,0,in-keep-52|mcp-hard-contract
github_trending,CUT-NOW,0,0,0,0,0,0,0,0,zero-everything
glob,KEEP,0,0,2,0,1,0,1,0,in-keep-52|mcp-hard-contract
global_health_data,CUT-NOW,0,0,0,0,0,0,0,0,zero-everything
gpu_status,CUT-NOW,0,0,0,0,0,0,0,0,zero-everything
graph_add,CUT-NOW,0,0,0,0,0,0,0,0,zero-everything
graph_add_entity,CUT-NOW,0,0,0,0,0,0,0,0,zero-everything
graph_add_relation,CUT-NOW,0,0,0,0,0,0,0,0,zero-everything
graph_connect,CUT-NOW,0,0,0,0,0,0,0,0,zero-everything
graph_context,CUT-NOW,0,0,0,0,0,0,0,0,zero-everything
graph_cross_domain,CUT-NOW,0,0,0,0,0,0,0,0,zero-everything
graph_enrich,CUT-NOW,0,0,0,0,0,0,0,0,zero-everything
graph_export,CUT-NOW,0,0,0,0,0,0,0,0,zero-everything
graph_query,CUT-NOW,0,0,0,0,0,0,0,0,zero-everything
graph_theory,CUT-NOW,0,0,0,0,0,0,0,0,zero-everything
graph_view,CUT-NOW,0,0,0,0,0,0,0,0,zero-everything
graph_visualize,CUT-NOW,0,0,0,0,0,0,0,0,zero-everything
grep,KEEP,3,3,4,1,1,0,1,0,in-keep-52|mcp-hard-contract
growth_milestones,CUT-NOW,0,0,0,0,0,0,0,0,zero-everything
growth_summary,CUT-NOW,0,0,0,0,0,0,0,0,zero-everything
hash_crack,CUT-NOW,0,0,0,0,0,0,0,0,zero-everything
headers_check,DEPRECATE,0,0,0,0,1,0,0,0,specialist-allowed=1
health_equity,CUT-NOW,0,0,0,0,0,0,0,0,zero-everything
hf_datasets,CUT-NOW,0,0,0,0,0,0,0,0,zero-everything
hf_search,CUT-NOW,0,0,0,0,0,0,0,0,zero-everything
historical_timeline,CUT-NOW,0,0,0,0,0,0,0,0,zero-everything
http_fuzz,CUT-NOW,0,0,0,0,0,0,0,0,zero-everything
hypothesis_generate,CUT-NOW,0,0,0,0,0,0,0,0,zero-everything
hypothesis_test,CUT-NOW,0,0,0,0,0,0,0,0,zero-everything
hypothesize,CUT-NOW,0,0,0,0,0,0,0,0,zero-everything
idempotency_check,CUT-NOW,0,0,0,0,0,0,0,0,zero-everything
identity,KEEP,0,6,0,0,0,0,0,0,telemetry-active
identity_opinion,CUT-NOW,0,0,0,0,0,0,0,0,zero-everything
image_variation,CUT-NOW,0,0,0,0,0,0,0,0,zero-everything
imagemagick,CUT-NOW,0,0,0,0,0,0,0,0,zero-everything
incident_response,DEPRECATE,0,0,0,0,1,0,0,0,specialist-allowed=1
inequality_metrics,CUT-NOW,0,0,0,0,0,0,0,0,zero-everything
ioc_check,CUT-NOW,0,0,0,0,0,0,0,0,zero-everything
is_idempotent,CUT-NOW,0,0,0,0,0,0,0,0,zero-everything
judge,CUT-NOW,0,0,0,0,0,0,0,0,zero-everything
jwt_analyze,DEPRECATE,0,0,0,0,1,0,0,0,specialist-allowed=1
kbot_back,CUT-NOW,0,0,0,0,0,0,0,0,zero-everything
kbot_browse,CUT-NOW,0,0,0,0,0,0,0,0,zero-everything
kbot_chat,KEEP,13,13,0,0,0,0,0,1,protected-exact
kbot_click,CUT-NOW,0,0,0,0,0,0,0,0,zero-everything
kbot_control,KEEP,0,0,0,0,0,0,0,1,protected-prefix
kbot_form,CUT-NOW,0,0,0,0,0,0,0,0,zero-everything
kbot_local_ask,CUT-NOW,0,0,0,0,0,0,0,0,zero-everything
kbot_local_delegate,CUT-NOW,0,0,0,0,0,0,0,0,zero-everything
kbot_local_diagram,CUT-NOW,0,0,0,0,0,0,0,0,zero-everything
kbot_local_explain,CUT-NOW,0,0,0,0,0,0,0,0,zero-everything
kbot_local_refactor,CUT-NOW,0,0,0,0,0,0,0,0,zero-everything
kbot_local_regex,CUT-NOW,0,0,0,0,0,0,0,0,zero-everything
kbot_local_review,CUT-NOW,0,0,0,0,0,0,0,0,zero-everything
kbot_local_shell,CUT-NOW,0,0,0,0,0,0,0,0,zero-everything
kbot_local_sql,CUT-NOW,0,0,0,0,0,0,0,0,zero-everything
kbot_local_status,CUT-NOW,0,0,0,0,0,0,0,0,zero-everything
kbot_local_summarize,CUT-NOW,0,0,0,0,0,0,0,0,zero-everything
kbot_local_test_gen,CUT-NOW,0,0,0,0,0,0,0,0,zero-everything
kbot_read,DEPRECATE,0,0,1,0,0,0,0,0,test-refs=1
kbot_scroll,CUT-NOW,0,0,0,0,0,0,0,0,zero-everything
kbot_search,KEEP,0,0,0,0,0,0,0,0,in-keep-52
kbot_status,KEEP,2,2,0,0,0,0,0,1,protected-exact
kbot_tabs,CUT-NOW,0,0,0,0,0,0,0,0,zero-everything
keyboard_key,CUT-NOW,0,0,0,0,0,0,0,0,zero-everything
keyboard_type,CUT-NOW,0,0,0,0,0,0,0,0,zero-everything
killchain_analyze,DEPRECATE,0,0,0,0,1,0,0,0,specialist-allowed=1
language_typology,CUT-NOW,0,0,0,0,0,0,0,0,zero-everything
latex_render,CUT-NOW,0,0,0,0,0,0,0,0,zero-everything
learning_analytics,CUT-NOW,0,0,0,0,0,0,0,0,zero-everything
learning_model,CUT-NOW,0,0,0,0,0,0,0,0,zero-everything
level_generate,DEPRECATE,0,0,1,0,0,0,0,0,test-refs=1
license_check,DEPRECATE,0,0,0,0,1,0,0,0,specialist-allowed=1
lint_check,CUT-NOW,0,0,0,0,0,0,0,0,zero-everything
list_directory,KEEP,3,3,1,0,1,0,0,0,in-keep-52
list_matrix_agents,CUT-NOW,0,0,0,0,0,0,0,0,zero-everything
literature_review,CUT-NOW,0,0,0,0,0,0,0,0,zero-everything
literature_search,CUT-NOW,0,0,0,0,0,0,0,0,zero-everything
lsp_completions,CUT-NOW,0,0,0,0,0,0,0,0,zero-everything
lsp_diagnostics,CUT-NOW,0,0,0,0,0,0,0,0,zero-everything
lsp_find_references,CUT-NOW,0,0,0,0,0,0,0,0,zero-everything
lsp_goto_definition,CUT-NOW,0,0,0,0,0,0,0,0,zero-everything
lsp_hover,CUT-NOW,0,0,0,0,0,0,0,0,zero-everything
lsp_rename,CUT-NOW,0,0,0,0,0,0,0,0,zero-everything
lsp_symbols,CUT-NOW,0,0,0,0,0,0,0,0,zero-everything
magenta_continue,KEEP,0,0,0,0,0,0,0,1,protected-prefix
magenta_drumify,KEEP,0,0,0,0,0,0,0,1,protected-prefix
magenta_harmonize,KEEP,0,0,0,0,0,0,0,1,protected-prefix
magenta_interpolate,KEEP,0,0,0,0,0,0,0,1,protected-prefix
market_analysis,CUT-NOW,0,0,0,0,0,0,0,0,zero-everything
market_briefing,CUT-NOW,0,0,0,0,0,0,0,0,zero-everything
market_data,CUT-NOW,0,0,0,0,0,0,0,0,zero-everything
market_indices,CUT-NOW,0,0,0,0,0,0,0,0,zero-everything
market_overview,CUT-NOW,0,0,0,0,0,0,0,0,zero-everything
market_sentiment,CUT-NOW,0,0,0,0,0,0,0,0,zero-everything
marketplace_install,CUT-NOW,0,0,0,0,0,0,0,0,zero-everything
marketplace_search,CUT-NOW,0,0,0,0,0,0,0,0,zero-everything
material_graph,DEPRECATE,0,0,1,0,0,0,0,0,test-refs=1
material_properties,CUT-NOW,0,0,0,0,0,0,0,0,zero-everything
materials_discovery,CUT-NOW,0,0,0,0,0,0,0,0,zero-everything
math_eval,CUT-NOW,0,0,0,0,0,0,0,0,zero-everything
matrix_operations,CUT-NOW,0,0,0,0,0,0,0,0,zero-everything
mcp_call,KEEP,0,0,0,0,0,0,0,0,in-keep-52
mcp_connect,CUT-NOW,0,0,0,0,0,0,0,0,zero-everything
mcp_disconnect,CUT-NOW,0,0,0,0,0,0,0,0,zero-everything
mcp_install,CUT-NOW,0,0,0,0,0,0,0,0,zero-everything
mcp_list,KEEP,0,0,0,0,0,0,0,0,in-keep-52
mcp_list_resources,CUT-NOW,0,0,0,0,0,0,0,0,zero-everything
mcp_list_tools,CUT-NOW,0,0,0,0,0,0,0,0,zero-everything
mcp_plugin_call,CUT-NOW,0,0,0,0,0,0,0,0,zero-everything
mcp_plugin_list,CUT-NOW,0,0,0,0,0,0,0,0,zero-everything
mcp_read_resource,CUT-NOW,0,0,0,0,0,0,0,0,zero-everything
mcp_search,KEEP,0,0,0,2,0,0,0,0,in-keep-52
mcp_servers,CUT-NOW,0,0,0,0,0,0,0,0,zero-everything
mcp_uninstall,CUT-NOW,0,0,0,0,0,0,0,0,zero-everything
mcp_update,CUT-NOW,0,0,0,0,0,0,0,0,zero-everything
memory_forget,CUT-NOW,0,0,0,0,0,0,0,0,zero-everything
memory_pressure,CUT-NOW,0,0,0,0,0,0,0,0,zero-everything
memory_recall,KEEP,0,0,0,0,0,0,0,0,in-keep-52
memory_save,KEEP,0,2,0,0,0,0,0,0,in-keep-52
memory_scan_status,CUT-NOW,0,0,0,0,0,0,0,0,zero-everything
memory_scan_toggle,CUT-NOW,0,0,0,0,0,0,0,0,zero-everything
memory_search,KEEP,0,2,0,0,0,0,0,0,in-keep-52
memory_update,CUT-NOW,0,0,0,0,0,0,0,0,zero-everything
mesh_generate,DEPRECATE,0,0,1,0,0,0,0,0,test-refs=1
meta_analysis,CUT-NOW,0,0,0,0,0,0,0,0,zero-everything
meta_plan,CUT-NOW,0,0,0,0,0,0,0,0,zero-everything
mobile_app_list,CUT-NOW,0,0,0,0,0,0,0,0,zero-everything
mobile_back,CUT-NOW,0,0,0,0,0,0,0,0,zero-everything
mobile_connect,CUT-NOW,0,0,0,0,0,0,0,0,zero-everything
mobile_disconnect,CUT-NOW,0,0,0,0,0,0,0,0,zero-everything
mobile_elements,CUT-NOW,0,0,0,0,0,0,0,0,zero-everything
mobile_home,CUT-NOW,0,0,0,0,0,0,0,0,zero-everything
mobile_launch,CUT-NOW,0,0,0,0,0,0,0,0,zero-everything
mobile_open_url,CUT-NOW,0,0,0,0,0,0,0,0,zero-everything
mobile_screenshot,CUT-NOW,0,0,0,0,0,0,0,0,zero-everything
mobile_swipe,CUT-NOW,0,0,0,0,0,0,0,0,zero-everything
mobile_tap,CUT-NOW,0,0,0,0,0,0,0,0,zero-everything
mobile_terminate_app,CUT-NOW,0,0,0,0,0,0,0,0,zero-everything
mobile_type,CUT-NOW,0,0,0,0,0,0,0,0,zero-everything
model_compare,CUT-NOW,0,0,0,0,0,0,0,0,zero-everything
motivation,KEEP,0,3,0,0,0,0,0,0,telemetry-active
mouse_click,DEPRECATE,0,0,1,0,0,0,0,0,test-refs=1
mouse_drag,CUT-NOW,0,0,0,0,0,0,0,0,zero-everything
mouse_scroll,CUT-NOW,0,0,0,0,0,0,0,0,zero-everything
multi_file_write,KEEP,0,0,1,0,0,0,0,0,in-keep-52
music_idea,CUT-NOW,0,0,0,0,0,0,0,0,zero-everything
narrative_history,CUT-NOW,0,0,0,0,0,0,0,0,zero-everything
narrative_lore,CUT-NOW,0,0,0,0,0,0,0,0,zero-everything
nasa_search,CUT-NOW,0,0,0,0,0,0,0,0,zero-everything
navmesh_config,DEPRECATE,0,0,1,0,0,0,0,0,test-refs=1
netcode_scaffold,DEPRECATE,0,0,1,0,0,0,0,0,test-refs=1
network_check,CUT-NOW,0,0,0,0,0,0,0,0,zero-everything
network_info,CUT-NOW,0,0,0,0,0,0,0,0,zero-everything
neural_network_bio,CUT-NOW,0,0,0,0,0,0,0,0,zero-everything
neuroimaging_coords,CUT-NOW,0,0,0,0,0,0,0,0,zero-everything
neurotransmitter_lookup,CUT-NOW,0,0,0,0,0,0,0,0,zero-everything
notebook_cite,CUT-NOW,0,0,0,0,0,0,0,0,zero-everything
notebook_create,CUT-NOW,0,0,0,0,0,0,0,0,zero-everything
notebook_delete,CUT-NOW,0,0,0,0,0,0,0,0,zero-everything
notebook_edit,CUT-NOW,0,0,0,0,0,0,0,0,zero-everything
notebook_export,CUT-NOW,0,0,0,0,0,0,0,0,zero-everything
notebook_insert,CUT-NOW,0,0,0,0,0,0,0,0,zero-everything
notebook_list,CUT-NOW,0,0,0,0,0,0,0,0,zero-everything
notebook_log,CUT-NOW,0,0,0,0,0,0,0,0,zero-everything
notebook_provenance,CUT-NOW,0,0,0,0,0,0,0,0,zero-everything
notebook_read,CUT-NOW,0,0,0,0,0,0,0,0,zero-everything
notebook_search,CUT-NOW,0,0,0,0,0,0,0,0,zero-everything
notebook_view,CUT-NOW,0,0,0,0,0,0,0,0,zero-everything
number_theory,CUT-NOW,0,0,0,0,0,0,0,0,zero-everything
nutrition_analyze,CUT-NOW,0,0,0,0,0,0,0,0,zero-everything
ocean_data,CUT-NOW,0,0,0,0,0,0,0,0,zero-everything
oeis_lookup,CUT-NOW,0,0,0,0,0,0,0,0,zero-everything
open_access_find,CUT-NOW,0,0,0,0,0,0,0,0,zero-everything
optimization_solve,CUT-NOW,0,0,0,0,0,0,0,0,zero-everything
orbit_calculator,CUT-NOW,0,0,0,0,0,0,0,0,zero-everything
overlay_alert,CUT-NOW,0,0,0,0,0,0,0,0,zero-everything
overlay_goal,CUT-NOW,0,0,0,0,0,0,0,0,zero-everything
overlay_highlight,CUT-NOW,0,0,0,0,0,0,0,0,zero-everything
overlay_ticker,CUT-NOW,0,0,0,0,0,0,0,0,zero-everything
owasp_check,DEPRECATE,0,0,0,0,1,0,0,0,specialist-allowed=1
paper_trade,CUT-NOW,0,0,0,0,0,0,0,0,zero-everything
papers_search,CUT-NOW,0,0,0,0,0,0,0,0,zero-everything
parallel_execute,KEEP,0,26,0,0,0,0,0,0,in-keep-52
particle_physics_data,CUT-NOW,0,0,0,0,0,0,0,0,zero-everything
particle_system,DEPRECATE,0,0,1,0,0,0,0,0,test-refs=1
password_audit,CUT-NOW,0,0,0,0,0,0,0,0,zero-everything
pathway_search,CUT-NOW,0,0,0,0,0,0,0,0,zero-everything
pattern_match,KEEP,0,0,0,0,0,0,0,0,in-keep-52
payload_generate,CUT-NOW,0,0,0,0,0,0,0,0,zero-everything
pentest_recon,CUT-NOW,0,0,0,0,0,0,0,0,zero-everything
pentest_report,CUT-NOW,0,0,0,0,0,0,0,0,zero-everything
pentest_start,CUT-NOW,0,0,0,0,0,0,0,0,zero-everything
pentest_status,CUT-NOW,0,0,0,0,0,0,0,0,zero-everything
pentest_vuln_scan,CUT-NOW,0,0,0,0,0,0,0,0,zero-everything
philosophical_concept,CUT-NOW,0,0,0,0,0,0,0,0,zero-everything
phone_airdrop,CUT-NOW,0,0,0,0,0,0,0,0,zero-everything
phone_call,CUT-NOW,0,0,0,0,0,0,0,0,zero-everything
phone_clipboard,CUT-NOW,0,0,0,0,0,0,0,0,zero-everything
phone_find,CUT-NOW,0,0,0,0,0,0,0,0,zero-everything
phone_focus,CUT-NOW,0,0,0,0,0,0,0,0,zero-everything
phone_message,CUT-NOW,0,0,0,0,0,0,0,0,zero-everything
phone_notify,CUT-NOW,0,0,0,0,0,0,0,0,zero-everything
phone_shortcut,CUT-NOW,0,0,0,0,0,0,0,0,zero-everything
phone_shortcuts_list,CUT-NOW,0,0,0,0,0,0,0,0,zero-everything
phone_status,CUT-NOW,0,0,0,0,0,0,0,0,zero-everything
phonetics_ipa,CUT-NOW,0,0,0,0,0,0,0,0,zero-everything
phylo_tree,CUT-NOW,0,0,0,0,0,0,0,0,zero-everything
physical_constants,CUT-NOW,0,0,0,0,0,0,0,0,zero-everything
physics_setup,DEPRECATE,0,0,1,0,0,0,0,0,test-refs=1
pip_run,CUT-NOW,0,0,0,0,0,0,0,0,zero-everything
planetary_atmo,CUT-NOW,0,0,0,0,0,0,0,0,zero-everything
platform_alerts,CUT-NOW,0,0,0,0,0,0,0,0,zero-everything
platform_logs,CUT-NOW,0,0,0,0,0,0,0,0,zero-everything
platform_monitor,CUT-NOW,0,0,0,0,0,0,0,0,zero-everything
platform_uptime,CUT-NOW,0,0,0,0,0,0,0,0,zero-everything
plugin_create,CUT-NOW,0,0,0,0,0,0,0,0,zero-everything
plugin_disable,CUT-NOW,0,0,0,0,0,0,0,0,zero-everything
plugin_enable,CUT-NOW,0,0,0,0,0,0,0,0,zero-everything
plugin_install,KEEP,0,0,0,0,0,0,0,0,in-keep-52
plugin_list,KEEP,0,0,0,0,0,0,0,0,in-keep-52
plugin_uninstall,CUT-NOW,0,0,0,0,0,0,0,0,zero-everything
port_scan,CUT-NOW,0,0,0,0,0,0,0,0,zero-everything
portfolio_rebalance,CUT-NOW,0,0,0,0,0,0,0,0,zero-everything
portfolio_review,CUT-NOW,0,0,0,0,0,0,0,0,zero-everything
power_analysis,CUT-NOW,0,0,0,0,0,0,0,0,zero-everything
preferences,CUT-NOW,0,0,0,0,0,0,0,0,zero-everything
prepare_contribution,CUT-NOW,0,0,0,0,0,0,0,0,zero-everything
preprint_tracker,CUT-NOW,0,0,0,0,0,0,0,0,zero-everything
price_alert,CUT-NOW,0,0,0,0,0,0,0,0,zero-everything
price_history,CUT-NOW,0,0,0,0,0,0,0,0,zero-everything
prisma_generate,CUT-NOW,0,0,0,0,0,0,0,0,zero-everything
prisma_introspect,CUT-NOW,0,0,0,0,0,0,0,0,zero-everything
prisma_migrate,CUT-NOW,0,0,0,0,0,0,0,0,zero-everything
probability_calc,CUT-NOW,0,0,0,0,0,0,0,0,zero-everything
process_top,CUT-NOW,0,0,0,0,0,0,0,0,zero-everything
produce_beat,KEEP,2,2,0,0,0,0,0,1,protected-prefix
produce_track,KEEP,0,0,0,0,0,0,0,1,protected-prefix
prompt_analyze,CUT-NOW,0,0,0,0,0,0,0,0,zero-everything
protein_search,CUT-NOW,0,0,0,0,0,0,0,0,zero-everything
protein_structure,CUT-NOW,0,0,0,0,0,0,0,0,zero-everything
psychometric_scale,CUT-NOW,0,0,0,0,0,0,0,0,zero-everything
psychophysics_calc,CUT-NOW,0,0,0,0,0,0,0,0,zero-everything
pubmed_search,CUT-NOW,0,0,0,0,0,0,0,0,zero-everything
pypi_info,CUT-NOW,0,0,0,0,0,0,0,0,zero-everything
pypi_search,CUT-NOW,0,0,0,0,0,0,0,0,zero-everything
quantum_state,CUT-NOW,0,0,0,0,0,0,0,0,zero-everything
question,DEPRECATE,0,0,1,1,0,0,0,0,agent-md-refs=1
reaction_lookup,CUT-NOW,0,0,0,0,0,0,0,0,zero-everything
read_file,KEEP,74,146,4,0,1,0,1,0,in-keep-52|mcp-hard-contract
reasoning_chain,CUT-NOW,0,0,0,0,0,0,0,0,zero-everything
reddit_sentiment,CUT-NOW,0,0,0,0,0,0,0,0,zero-everything
redteam_report,DEPRECATE,0,0,0,0,1,0,0,0,specialist-allowed=1
redteam_scan,CUT-NOW,0,0,0,0,0,0,0,0,zero-everything
reflect,CUT-NOW,0,0,0,0,0,0,0,0,zero-everything
regex_extract,KEEP,0,0,0,0,0,0,0,0,in-keep-52
regression_analysis,CUT-NOW,0,0,0,0,0,0,0,0,zero-everything
relativity_calc,CUT-NOW,0,0,0,0,0,0,0,0,zero-everything
remove_matrix_agent,CUT-NOW,0,0,0,0,0,0,0,0,zero-everything
render_chart,CUT-NOW,0,0,0,0,0,0,0,0,zero-everything
render_diagram,CUT-NOW,0,0,0,0,0,0,0,0,zero-everything
render_diff,CUT-NOW,0,0,0,0,0,0,0,0,zero-everything
render_table,CUT-NOW,0,0,0,0,0,0,0,0,zero-everything
repo_audit,KEEP,0,2,0,0,0,0,0,0,telemetry-active
reproducibility_check,CUT-NOW,0,0,0,0,0,0,0,0,zero-everything
research,KEEP,0,0,2,0,0,0,0,0,in-keep-52
research_gap_finder,CUT-NOW,0,0,0,0,0,0,0,0,zero-everything
research_methodology,CUT-NOW,0,0,0,0,0,0,0,0,zero-everything
research_now,CUT-NOW,0,0,0,0,0,0,0,0,zero-everything
research_queue,CUT-NOW,0,0,0,0,0,0,0,0,zero-everything
research_results,CUT-NOW,0,0,0,0,0,0,0,0,zero-everything
rom_engine_cycle_render,KEEP,0,0,0,0,0,0,0,1,protected-prefix
rom_engine_init,KEEP,0,0,0,0,0,0,0,1,protected-prefix
rom_engine_palette_info,KEEP,0,0,0,0,0,0,0,1,protected-prefix
run_tests,DEPRECATE,0,0,1,0,0,0,0,0,test-refs=1
sandbox_exec,CUT-NOW,0,0,0,0,0,0,0,0,zero-everything
sandbox_list,CUT-NOW,0,0,0,0,0,0,0,0,zero-everything
sandbox_run,KEEP,0,0,0,0,0,0,0,0,in-keep-52
sandbox_start,CUT-NOW,0,0,0,0,0,0,0,0,zero-everything
sandbox_stop,CUT-NOW,0,0,0,0,0,0,0,0,zero-everything
satellite_imagery,CUT-NOW,0,0,0,0,0,0,0,0,zero-everything
scaffold_game,DEPRECATE,0,0,1,1,0,0,0,0,agent-md-refs=1
schedule_persist,CUT-NOW,0,0,0,0,0,0,0,0,zero-everything
screen_info,CUT-NOW,0,0,0,0,0,0,0,0,zero-everything
screenshot,CUT-NOW,0,0,0,0,0,0,0,0,zero-everything
secret_scan,DEPRECATE,0,0,0,0,1,0,0,0,specialist-allowed=1
security_brain,DEPRECATE,0,0,0,0,1,0,0,0,specialist-allowed=1
security_headers_generate,DEPRECATE,0,0,0,0,1,0,0,0,specialist-allowed=1
security_hunt,DEPRECATE,0,0,0,0,1,0,0,0,specialist-allowed=1
semantic_scholar,CUT-NOW,0,0,0,0,0,0,0,0,zero-everything
sentiment_analyze,CUT-NOW,0,0,0,0,0,0,0,0,zero-everything
sequence_tools,CUT-NOW,0,0,0,0,0,0,0,0,zero-everything
serum2_preset,KEEP,0,0,0,0,0,0,0,1,protected-prefix
service_restart,CUT-NOW,0,0,0,0,0,0,0,0,zero-everything
service_status,CUT-NOW,0,0,0,0,0,0,0,0,zero-everything
shader_debug,DEPRECATE,0,0,1,0,0,0,0,0,test-refs=1
shader_generate,CUT-NOW,0,0,0,0,0,0,0,0,zero-everything
signal_process,CUT-NOW,0,0,0,0,0,0,0,0,zero-everything
sir_model,CUT-NOW,0,0,0,0,0,0,0,0,zero-everything
skill_manage,KEEP,6,6,0,0,0,0,0,0,telemetry-active
skill_profile,CUT-NOW,0,0,0,0,0,0,0,0,zero-everything
social_health,CUT-NOW,0,0,0,0,0,0,0,0,zero-everything
social_network_analyze,CUT-NOW,0,0,0,0,0,0,0,0,zero-everything
social_post,KEEP,2,2,0,0,0,0,0,0,telemetry-active
social_pulse,CUT-NOW,0,0,0,0,0,0,0,0,zero-everything
social_setup,CUT-NOW,0,0,0,0,0,0,0,0,zero-everything
social_stats,CUT-NOW,0,0,0,0,0,0,0,0,zero-everything
social_status,CUT-NOW,0,0,0,0,0,0,0,0,zero-everything
social_thread,KEEP,1,1,0,0,0,0,0,0,telemetry-active
social_viewers,CUT-NOW,0,0,0,0,0,0,0,0,zero-everything
soil_data,CUT-NOW,0,0,0,0,0,0,0,0,zero-everything
solar_cell_model,CUT-NOW,0,0,0,0,0,0,0,0,zero-everything
spawn_agent,KEEP,0,0,0,0,0,0,0,0,in-keep-52
spawn_parallel,KEEP,0,0,0,0,0,0,0,0,in-keep-52
spawn_preset_agent,CUT-NOW,0,0,0,0,0,0,0,0,zero-everything
spectroscopy_lookup,CUT-NOW,0,0,0,0,0,0,0,0,zero-everything
splice_search,CUT-NOW,0,0,0,0,0,0,0,0,zero-everything
sprite_pack,DEPRECATE,0,0,1,0,0,0,0,0,test-refs=1
ssl_analyze,DEPRECATE,0,0,0,0,1,0,0,0,specialist-allowed=1
ssl_check,DEPRECATE,0,0,0,0,1,0,0,0,specialist-allowed=1
statistical_analysis,CUT-NOW,0,0,0,0,0,0,0,0,zero-everything
steganography,CUT-NOW,0,0,0,0,0,0,0,0,zero-everything
stock_compare,CUT-NOW,0,0,0,0,0,0,0,0,zero-everything
stock_history,CUT-NOW,0,0,0,0,0,0,0,0,zero-everything
stock_quote,CUT-NOW,0,0,0,0,0,0,0,0,zero-everything
stock_screener,CUT-NOW,0,0,0,0,0,0,0,0,zero-everything
stock_search,CUT-NOW,0,0,0,0,0,0,0,0,zero-everything
stoichiometry_calc,CUT-NOW,0,0,0,0,0,0,0,0,zero-everything
stream_announce,CUT-NOW,0,0,0,0,0,0,0,0,zero-everything
stream_ban,CUT-NOW,0,0,0,0,0,0,0,0,zero-everything
stream_category,CUT-NOW,0,0,0,0,0,0,0,0,zero-everything
stream_character_end,CUT-NOW,0,0,0,0,0,0,0,0,zero-everything
stream_character_go,CUT-NOW,0,0,0,0,0,0,0,0,zero-everything
stream_character_mood,CUT-NOW,0,0,0,0,0,0,0,0,zero-everything
stream_character_say,CUT-NOW,0,0,0,0,0,0,0,0,zero-everything
stream_character_start,CUT-NOW,0,0,0,0,0,0,0,0,zero-everything
stream_character_status,CUT-NOW,0,0,0,0,0,0,0,0,zero-everything
stream_character_stop,CUT-NOW,0,0,0,0,0,0,0,0,zero-everything
stream_chat_add,CUT-NOW,0,0,0,0,0,0,0,0,zero-everything
stream_chat_send,CUT-NOW,0,0,0,0,0,0,0,0,zero-everything
stream_chat_settings,CUT-NOW,0,0,0,0,0,0,0,0,zero-everything
stream_clip,CUT-NOW,0,0,0,0,0,0,0,0,zero-everything
stream_dashboard,CUT-NOW,0,0,0,0,0,0,0,0,zero-everything
stream_eval,CUT-NOW,0,0,0,0,0,0,0,0,zero-everything
stream_eval_config,CUT-NOW,0,0,0,0,0,0,0,0,zero-everything
stream_eval_history,CUT-NOW,0,0,0,0,0,0,0,0,zero-everything
stream_followers,CUT-NOW,0,0,0,0,0,0,0,0,zero-everything
stream_info,CUT-NOW,0,0,0,0,0,0,0,0,zero-everything
stream_marker,CUT-NOW,0,0,0,0,0,0,0,0,zero-everything
stream_memory,CUT-NOW,0,0,0,0,0,0,0,0,zero-everything
stream_scene,CUT-NOW,0,0,0,0,0,0,0,0,zero-everything
stream_setup,CUT-NOW,0,0,0,0,0,0,0,0,zero-everything
stream_setup_oauth,CUT-NOW,0,0,0,0,0,0,0,0,zero-everything
stream_start,CUT-NOW,0,0,0,0,0,0,0,0,zero-everything
stream_status,CUT-NOW,0,0,0,0,0,0,0,0,zero-everything
stream_stop,CUT-NOW,0,0,0,0,0,0,0,0,zero-everything
stream_title,CUT-NOW,0,0,0,0,0,0,0,0,zero-everything
stream_viewers,CUT-NOW,0,0,0,0,0,0,0,0,zero-everything
subdomain_enum,CUT-NOW,0,0,0,0,0,0,0,0,zero-everything
submit_contribution,CUT-NOW,0,0,0,0,0,0,0,0,zero-everything
supply_chain_audit,CUT-NOW,0,0,0,0,0,0,0,0,zero-everything
survey_design,CUT-NOW,0,0,0,0,0,0,0,0,zero-everything
survival_analysis,CUT-NOW,0,0,0,0,0,0,0,0,zero-everything
swap_execute,CUT-NOW,0,0,0,0,0,0,0,0,zero-everything
swap_quote,CUT-NOW,0,0,0,0,0,0,0,0,zero-everything
symbolic_compute,CUT-NOW,0,0,0,0,0,0,0,0,zero-everything
synbio_design,CUT-NOW,0,0,0,0,0,0,0,0,zero-everything
synthesize_across,CUT-NOW,0,0,0,0,0,0,0,0,zero-everything
system_health,CUT-NOW,0,0,0,0,0,0,0,0,zero-everything
system_profile,CUT-NOW,0,0,0,0,0,0,0,0,zero-everything
task_create,KEEP,0,0,0,0,0,0,0,0,in-keep-52
task_delete,CUT-NOW,0,0,0,0,0,0,0,0,zero-everything
task_get,CUT-NOW,0,0,0,0,0,0,0,0,zero-everything
task_list,KEEP,0,0,0,0,0,0,0,0,in-keep-52
task_update,KEEP,0,0,0,0,0,0,0,0,in-keep-52
taxonomy_lookup,CUT-NOW,0,0,0,0,0,0,0,0,zero-everything
teach,CUT-NOW,0,0,0,0,0,0,0,0,zero-everything
team_assign,CUT-NOW,0,0,0,0,0,0,0,0,zero-everything
team_broadcast,CUT-NOW,0,0,0,0,0,0,0,0,zero-everything
team_context,CUT-NOW,0,0,0,0,0,0,0,0,zero-everything
team_join,CUT-NOW,0,0,0,0,0,0,0,0,zero-everything
team_result,CUT-NOW,0,0,0,0,0,0,0,0,zero-everything
team_share,CUT-NOW,0,0,0,0,0,0,0,0,zero-everything
team_start,CUT-NOW,0,0,0,0,0,0,0,0,zero-everything
team_status,CUT-NOW,0,0,0,0,0,0,0,0,zero-everything
team_stop,CUT-NOW,0,0,0,0,0,0,0,0,zero-everything
tech_fingerprint,CUT-NOW,0,0,0,0,0,0,0,0,zero-everything
technical_analysis,CUT-NOW,0,0,0,0,0,0,0,0,zero-everything
terminal_cwd,KEEP,0,0,0,0,0,0,0,0,in-keep-52
terminal_exec,KEEP,39,39,0,0,0,0,0,0,in-keep-52
terminal_history,CUT-NOW,0,0,0,0,0,0,0,0,zero-everything
terminal_output,KEEP,0,0,0,0,0,0,0,0,in-keep-52
terminal_queue,CUT-NOW,0,0,0,0,0,0,0,0,zero-everything
terminal_sessions,CUT-NOW,0,0,0,0,0,0,0,0,zero-everything
terraform_plan,CUT-NOW,0,0,0,0,0,0,0,0,zero-everything
test_file,CUT-NOW,0,0,0,0,0,0,0,0,zero-everything
test_run,CUT-NOW,0,0,0,0,0,0,0,0,zero-everything
text_stylometry,CUT-NOW,0,0,0,0,0,0,0,0,zero-everything
texture_generate,CUT-NOW,0,0,0,0,0,0,0,0,zero-everything
thermal_state,CUT-NOW,0,0,0,0,0,0,0,0,zero-everything
thermodynamics_data,CUT-NOW,0,0,0,0,0,0,0,0,zero-everything
threat_feed,DEPRECATE,0,0,0,0,1,0,0,0,specialist-allowed=1
threat_model,DEPRECATE,0,0,0,0,1,0,0,0,specialist-allowed=1
tile_world_info,CUT-NOW,0,0,0,0,0,0,0,0,zero-everything
tile_world_reset,CUT-NOW,0,0,0,0,0,0,0,0,zero-everything
tilemap_generate,DEPRECATE,0,0,1,0,0,0,0,0,test-refs=1
time_series_analyze,CUT-NOW,0,0,0,0,0,0,0,0,zero-everything
tissue_engineer,CUT-NOW,0,0,0,0,0,0,0,0,zero-everything
token_search,CUT-NOW,0,0,0,0,0,0,0,0,zero-everything
trade_reasoning,CUT-NOW,0,0,0,0,0,0,0,0,zero-everything
train_cost,CUT-NOW,0,0,0,0,0,0,0,0,zero-everything
train_deploy,CUT-NOW,0,0,0,0,0,0,0,0,zero-everything
train_evaluate,CUT-NOW,0,0,0,0,0,0,0,0,zero-everything
train_export,CUT-NOW,0,0,0,0,0,0,0,0,zero-everything
train_prepare,CUT-NOW,0,0,0,0,0,0,0,0,zero-everything
train_start,CUT-NOW,0,0,0,0,0,0,0,0,zero-everything
train_status,CUT-NOW,0,0,0,0,0,0,0,0,zero-everything
train_validate,CUT-NOW,0,0,0,0,0,0,0,0,zero-everything
type_check,CUT-NOW,0,0,0,0,0,0,0,0,zero-everything
unit_convert,CUT-NOW,0,0,0,0,0,0,0,0,zero-everything
url_fetch,KEEP,0,5,2,0,1,0,0,0,in-keep-52
vaccination_model,CUT-NOW,0,0,0,0,0,0,0,0,zero-everything
vex_generate,CUT-NOW,0,0,0,0,0,0,0,0,zero-everything
visa_balance,CUT-NOW,0,0,0,0,0,0,0,0,zero-everything
visa_history,CUT-NOW,0,0,0,0,0,0,0,0,zero-everything
visa_pay,CUT-NOW,0,0,0,0,0,0,0,0,zero-everything
visa_purchase,CUT-NOW,0,0,0,0,0,0,0,0,zero-everything
visa_status,CUT-NOW,0,0,0,0,0,0,0,0,zero-everything
viz_codegen,CUT-NOW,0,0,0,0,0,0,0,0,zero-everything
vod_clip,CUT-NOW,0,0,0,0,0,0,0,0,zero-everything
vod_highlights,CUT-NOW,0,0,0,0,0,0,0,0,zero-everything
vod_start,CUT-NOW,0,0,0,0,0,0,0,0,zero-everything
vod_status,CUT-NOW,0,0,0,0,0,0,0,0,zero-everything
vod_stop,CUT-NOW,0,0,0,0,0,0,0,0,zero-everything
vod_upload,CUT-NOW,0,0,0,0,0,0,0,0,zero-everything
voice_listen,CUT-NOW,0,0,0,0,0,0,0,0,zero-everything
voice_status,CUT-NOW,0,0,0,0,0,0,0,0,zero-everything
volcano_monitor,CUT-NOW,0,0,0,0,0,0,0,0,zero-everything
voting_system,CUT-NOW,0,0,0,0,0,0,0,0,zero-everything
wallet_balance,CUT-NOW,0,0,0,0,0,0,0,0,zero-everything
wallet_history,CUT-NOW,0,0,0,0,0,0,0,0,zero-everything
wallet_list,CUT-NOW,0,0,0,0,0,0,0,0,zero-everything
wallet_send,CUT-NOW,0,0,0,0,0,0,0,0,zero-everything
wallet_setup,CUT-NOW,0,0,0,0,0,0,0,0,zero-everything
wallet_switch,CUT-NOW,0,0,0,0,0,0,0,0,zero-everything
wallet_tokens,CUT-NOW,0,0,0,0,0,0,0,0,zero-everything
water_resources,CUT-NOW,0,0,0,0,0,0,0,0,zero-everything
weather,CUT-NOW,0,0,0,0,0,0,0,0,zero-everything
weather_forecast,CUT-NOW,0,0,0,0,0,0,0,0,zero-everything
weather_set,CUT-NOW,0,0,0,0,0,0,0,0,zero-everything
weather_status,CUT-NOW,0,0,0,0,0,0,0,0,zero-everything
web_search,KEEP,29,33,4,0,1,0,1,0,in-keep-52|mcp-hard-contract
whale_tracker,CUT-NOW,0,0,0,0,0,0,0,0,zero-everything
whois_lookup,CUT-NOW,0,0,0,0,0,0,0,0,zero-everything
window_list,CUT-NOW,0,0,0,0,0,0,0,0,zero-everything
window_minimize,CUT-NOW,0,0,0,0,0,0,0,0,zero-everything
window_move,DEPRECATE,0,0,1,0,0,0,0,0,test-refs=1
window_resize,DEPRECATE,0,0,1,0,0,0,0,0,test-refs=1
workflow_create,CUT-NOW,0,0,0,0,0,0,0,0,zero-everything
workflow_list,CUT-NOW,0,0,0,0,0,0,0,0,zero-everything
workflow_run,CUT-NOW,0,0,0,0,0,0,0,0,zero-everything
worktree_create,KEEP,0,0,0,0,0,0,0,0,in-keep-52
worktree_list,CUT-NOW,0,0,0,0,0,0,0,0,zero-everything
worktree_merge,CUT-NOW,0,0,0,0,0,0,0,0,zero-everything
worktree_remove,CUT-NOW,0,0,0,0,0,0,0,0,zero-everything
worktree_switch,CUT-NOW,0,0,0,0,0,0,0,0,zero-everything
write_file,KEEP,0,2,2,0,0,0,1,0,in-keep-52|mcp-hard-contract
